Geohash,Amenity,Bump,Crossing,Entrance,Give_Way,Junction,Noexit,Railway,Roundabout,Station,Stop,Traffic_Calming,Traffic_Signal,Turning_Circle,Turning_Loop
9v6mn,47,0,2,0,0,2,1,0,0,11,0,0,10,157,0
9v6mm,45,0,0,0,0,0,1,0,0,0,0,0,42,314,0
9vg7s,3,0,0,0,0,0,3,0,0,0,0,0,1,12,0
9vg7t,0,0,0,0,0,0,0,0,0,0,0,0,0,9,0
9vg7u,0,0,1,0,0,0,0,1,0,0,0,0,0,11,0
9vg7v,1,0,0,0,0,0,0,0,0,0,0,0,7,22,0
9v6mh,3,0,0,0,0,0,0,0,0,0,0,0,0,3,0
9v6mg,1,0,0,0,0,0,0,0,0,0,0,0,0,9,0
9v6e4,1,0,0,0,0,0,0,0,0,0,0,0,0,17,0
9v6me,1,0,0,0,0,0,0,0,0,0,0,0,0,5,0
9vg7b,11,0,11,0,0,0,0,13,0,0,4,0,28,92,0
9vg7c,39,0,102,1,0,0,0,8,0,0,0,0,6,108,0
9vg7d,14,0,59,3,0,0,0,7,0,0,0,0,17,76,0
9vg7e,2,0,0,0,0,0,0,0,0,0,0,0,0,33,0
9vg7f,19,0,13,1,0,0,0,9,0,0,0,0,9,72,0
9vg7g,33,0,19,0,0,0,2,19,0,0,0,0,24,51,0
9vg7h,15,0,3,0,0,3,0,3,0,0,0,0,27,57,0
9v6mk,0,0,0,0,0,0,0,0,0,0,0,0,0,0,0
9vg7j,11,0,0,0,0,3,1,0,0,0,0,0,16,66,0
9vg7k,7,0,0,0,0,0,0,0,0,0,1,0,21,75,0
9v6ms,3,0,0,0,0,0,0,0,0,0,0,0,6,89,0
9vg7m,24,0,7,0,0,3,3,7,0,0,1,0,12,39,0
9v6mq,63,0,8,9,0,8,0,5,0,22,0,0,99,110,0
9v6mj,10,0,0,0,0,0,0,0,0,0,0,0,7,69,0
9v7gp,29,0,3,0,0,3,0,0,0,0,0,0,18,20,0
9v7gr,8,0,6,1,0,0,0,2,0,0,0,0,7,37,0
9q5fc,34,11,15,2,0,8,13,12,0,0,21,12,26,81,0
9q5fd,35,2,15,0,25,12,8,38,0,30,51,2,67,65,0
9q5fe,43,3,15,1,0,5,5,5,0,3,35,3,35,49,0
9q5ff,15,19,3,0,0,4,6,0,0,4,25,19,23,46,0
9q5fg,26,27,2,5,0,3,43,0,1,3,538,27,16,54,0
9q5fh,189,6,19,2,0,16,8,16,1,9,25,6,104,25,0
9q5fj,120,2,16,0,0,21,3,12,3,8,29,2,133,64,0
9q5fk,64,0,39,2,0,22,5,26,0,1,30,0,83,30,0
9v6mr,9,0,6,0,0,5,0,4,0,0,8,0,44,130,0
9q5fm,85,14,0,7,0,13,6,0,1,2,34,14,108,116,0
9q5fn,107,3,40,0,0,15,0,39,1,5,15,3,75,91,0
9q5fp,226,24,70,16,0,8,6,51,0,50,29,24,150,74,0
9q5fq,26,0,0,0,0,2,7,0,0,9,25,0,3,84,0
9q5fr,205,2,43,5,0,20,13,9,0,47,44,2,137,41,0
9q5fs,14,0,0,0,0,2,0,0,0,0,14,0,1,17,0
9q5ft,118,4,6,0,0,9,8,0,0,54,9,4,51,99,0
9q5fu,39,26,1,0,0,2,6,0,0,4,416,26,14,61,0
9q5fw,62,18,99,6,0,7,6,6,0,5,46,18,52,92,0
9q5fx,23,10,18,4,0,0,30,0,0,13,20,10,7,75,0
9q5fy,3,0,0,0,0,0,0,0,0,0,0,0,0,0,0
9v7gj,2,0,0,0,0,0,0,0,0,0,0,0,0,16,0
9vk77,2,0,0,0,0,0,0,0,0,0,0,0,0,1,0
9vk70,20,4,52,0,0,3,4,8,0,0,4,4,16,124,0
9vk71,31,7,142,3,0,0,4,0,0,0,6,7,36,174,0
9vk72,33,3,30,0,2,5,0,0,0,0,0,4,16,61,0
9vk73,23,1,10,0,0,2,7,6,0,0,0,1,10,10,0
9vg70,16,1,60,0,0,0,1,59,0,1,2,1,82,12,0
9vg71,25,1,32,0,0,0,0,10,0,0,1,1,100,64,0
9vg72,5,0,15,4,0,0,0,13,0,0,7,0,80,72,0
9vg73,29,0,28,0,0,5,1,14,0,1,6,0,84,64,0
9vg74,17,0,15,0,0,4,0,20,0,1,0,0,35,59,0
9vg75,8,0,4,0,0,2,1,4,0,0,0,0,18,68,0
9vg76,3,0,28,4,0,4,0,0,0,0,0,0,19,28,0
9vg77,6,0,0,0,0,0,0,0,0,0,0,0,16,65,0
9vg78,26,0,4,1,0,7,0,0,0,0,4,0,68,87,0
9vg79,25,0,11,0,0,0,0,7,0,0,1,0,21,117,0
9vhrc,22,0,0,0,0,0,0,0,0,0,0,0,19,68,0
9vhrf,4,0,1,0,0,0,1,0,0,0,0,0,3,128,0
9vhrg,25,0,2,0,0,8,0,2,0,0,0,0,24,50,0
9vhry,6,0,0,0,0,0,0,0,0,0,0,0,0,30,0
9v6m7,1,0,0,0,0,0,0,0,0,1,0,0,0,14,0
9v6m6,5,0,0,0,0,1,0,0,1,1,0,0,0,33,0
9v6m5,4,0,0,0,0,0,0,0,0,0,0,0,0,22,0
9vhru,31,0,4,0,0,0,3,4,0,0,0,0,0,107,0
9vhrv,10,0,4,0,0,1,0,0,1,0,0,0,4,197,0
9vk7h,0,0,0,0,0,0,0,0,0,0,0,0,0,12,0
9qh42,92,5,10,2,0,7,2,10,0,36,17,5,85,41,0
9qh41,101,16,25,1,0,0,21,0,0,70,39,16,72,100,0
9qh40,96,5,8,0,0,1,4,0,1,63,24,5,72,103,0
9v6mp,61,1,14,0,0,6,6,0,0,13,2,1,30,201,0
9qh48,6,0,4,0,0,0,3,0,0,0,2,0,0,10,0
9q5f0,3,6,8,2,0,0,0,0,1,0,16,6,13,75,0
9q5f1,35,7,0,1,0,0,3,0,0,4,2,7,8,77,0
9q5f2,101,53,33,0,0,20,29,0,0,10,16,53,101,54,0
9q5f3,77,23,21,1,0,10,12,0,0,4,9,23,80,99,0
9q5f4,66,4,12,3,0,7,1,5,1,7,17,4,59,81,0
9q5f5,95,2,168,14,0,11,10,6,0,16,18,2,115,60,0
9q5f6,144,2,18,0,0,16,2,4,0,5,13,2,70,31,0
9q5f7,236,41,21,2,0,17,3,22,0,19,65,41,122,30,0
9q5f8,65,49,19,1,0,8,32,42,1,10,11,49,100,76,0
9q5f9,26,31,6,0,0,15,27,22,0,6,4,31,28,159,0
9v6mz,1,0,5,0,0,0,0,5,0,0,0,0,9,164,0
9v6my,3,0,0,0,0,2,0,0,0,0,0,0,8,68,0
dnnwb,19,1,0,0,0,0,7,0,0,0,1,1,11,53,0
9v6mx,7,0,0,0,1,0,0,0,1,0,3,0,26,200,0
dnnwf,4,0,0,0,0,0,0,0,0,0,0,0,4,88,0
9v6mw,31,0,8,0,0,4,0,6,0,0,2,0,71,106,0
9v6mv,29,0,15,0,1,2,2,12,0,0,0,0,22,221,0
9v6mu,5,0,1,0,0,0,1,0,0,0,0,0,2,92,0
9v6mt,45,0,10,1,0,0,2,10,0,0,0,0,52,199,0
9vk3b,10,0,6,0,0,0,0,6,0,0,0,0,4,42,0
djgzg,1,0,19,0,0,2,0,13,2,0,3,0,22,69,0
djgz7,6,0,0,0,0,0,0,0,0,0,1,0,4,68,0
9vk46,15,0,36,0,1,7,1,12,0,0,18,0,83,85,0
9vk41,20,0,0,0,0,4,3,0,0,0,0,0,49,146,0
dnh04,66,1,15,0,0,0,1,5,0,30,23,1,28,16,0
9vk40,51,0,14,0,0,5,3,14,0,0,5,0,70,110,0
9vk43,38,17,20,4,9,6,5,2,0,0,15,17,62,171,0
9vk3g,3,0,32,0,0,4,0,32,0,0,0,0,5,7,0
9q5fb,47,29,45,31,0,25,33,0,0,12,33,29,62,154,0
dnq9h,12,0,0,2,0,0,0,0,0,0,0,0,0,47,0
dnq9k,15,0,44,0,0,1,0,0,0,0,0,1,27,67,0
dnq9j,22,10,24,0,0,0,0,4,0,0,0,10,2,47,0
9v6t2,10,0,7,0,2,11,0,7,0,0,47,0,33,39,0
djgze,11,0,4,0,0,0,0,0,0,0,0,1,10,69,0
dnnxv,3,0,0,0,0,2,0,0,0,0,0,0,1,98,0
9vk3m,15,0,26,3,0,7,0,44,0,0,0,0,8,6,0
dhwgx,44,0,44,4,0,10,32,5,5,205,1,0,111,9,0
9q5eq,4,0,0,0,0,1,0,0,0,0,7,0,1,11,0
9q5ep,11,31,6,0,0,11,7,12,0,0,4,34,18,138,0
9q5er,0,0,0,0,0,14,2,3,0,0,1,0,4,6,0
9q5eh,0,14,0,0,0,1,0,0,0,0,0,14,0,15,0
9q5ej,14,1,2,0,0,0,4,0,0,0,2,1,13,77,0
9q5en,6,10,0,0,0,0,0,0,0,0,1,10,2,127,0
9v6qj,2,0,5,0,2,0,2,6,0,8,0,0,13,23,0
9v6qn,0,0,0,0,0,0,0,0,0,0,0,0,2,57,0
9vk30,33,0,145,0,0,14,0,168,0,0,0,0,10,19,0
9vk31,3,0,81,0,3,6,0,137,0,0,0,0,14,2,0
9vk4g,12,0,0,0,0,0,0,0,0,0,0,0,24,180,0
9vk33,18,0,76,0,0,5,0,76,0,0,0,0,50,18,0
9vk34,1,0,157,0,0,6,1,271,0,0,0,0,14,1,0
9vk35,0,0,184,0,0,4,1,271,0,0,0,0,10,3,0
9vk36,19,0,48,0,0,13,0,76,0,0,0,0,22,30,0
9vk4b,7,0,4,0,0,6,2,4,0,0,0,0,47,215,0
9vk4m,18,0,8,0,0,14,2,8,0,0,1,0,44,43,0
9vk39,19,0,8,0,0,0,0,8,0,0,0,0,17,39,0
9vk4n,9,0,13,0,0,1,0,0,0,0,0,0,10,20,0
9vk4h,36,0,63,0,10,6,3,0,0,0,17,0,75,71,0
9vk4k,32,0,2,2,3,17,3,0,0,0,1,0,61,52,0
9vk4j,27,0,1,0,0,2,14,1,0,0,1,0,11,23,0
9vk4u,38,1,12,0,4,5,3,4,0,0,13,1,32,72,0
9vk4t,1,0,31,0,0,2,0,14,0,0,0,0,23,60,0
9vk4w,114,0,0,0,0,0,0,3,0,3,0,0,2,2,0
9vk4v,8,0,6,0,0,1,0,5,0,0,0,0,31,118,0
9vk4q,34,0,20,1,5,6,0,0,0,0,1,0,25,6,0
9vk4p,13,0,4,0,7,7,7,4,0,0,2,0,25,22,0
9vk4s,11,0,0,0,0,6,2,0,0,0,7,0,29,105,0
9vk4r,13,0,16,0,2,14,0,4,0,0,0,0,36,33,0
9vk4y,4,0,7,0,0,0,2,0,0,0,0,0,17,94,0
9vk4x,24,2,41,0,0,4,7,1,0,0,0,2,27,71,0
9qh4b,5,0,0,0,0,0,0,0,0,0,0,0,0,0,0
9q59g,1,0,0,0,0,0,11,0,0,0,4,0,0,1,0
dnq2u,12,0,25,0,0,0,0,62,0,0,0,0,0,27,0
9q5e5,4,0,20,0,0,4,1,0,0,0,0,0,21,47,0
9vk74,21,0,94,0,0,0,0,0,0,0,10,0,16,203,0
9q5fz,3,0,0,0,0,0,0,0,0,0,0,0,0,0,0
9vk22,9,0,5,0,0,4,1,0,0,0,1,0,10,84,0
9vk3s,9,0,5,0,0,0,0,5,0,0,0,0,2,12,0
9vk3t,5,0,9,0,0,4,0,19,0,0,0,0,2,15,0
9vk3u,4,0,0,0,0,3,1,0,0,0,0,0,3,2,0
9vk3v,2,0,0,0,0,0,0,0,0,0,0,0,1,3,0
9vk3w,39,0,12,0,0,5,0,0,0,0,0,0,23,45,0
9vk3y,0,0,0,0,0,0,0,0,0,0,0,0,2,1,0
djupg,17,40,0,0,0,10,0,0,0,0,20,40,29,134,0
9vk45,28,0,13,0,2,0,5,1,0,0,1,0,58,138,0
9vk44,14,0,16,4,0,0,1,8,0,0,0,0,43,115,0
9vk47,18,0,10,0,0,2,9,0,0,0,0,0,44,136,0
9vk3c,4,0,0,0,0,2,2,0,0,0,1,0,11,82,0
9vk3d,17,0,9,0,0,5,0,0,0,0,0,0,36,126,0
9vk3e,3,0,33,0,0,0,0,41,0,0,0,0,4,18,0
9vk3f,2,0,13,0,0,1,0,13,0,0,0,0,4,21,0
9vk42,31,0,0,0,0,0,5,0,0,0,0,0,39,122,0
9vk3h,0,0,70,2,0,0,0,108,0,0,3,0,0,3,0
9vk3j,1,0,11,0,0,0,0,12,0,0,0,0,1,0,0
9vk3k,5,0,0,4,2,5,0,0,0,0,0,0,6,2,0
9vk49,25,0,41,0,9,5,3,20,0,0,8,0,63,162,0
9vk48,43,0,6,0,0,2,2,0,0,0,0,0,69,209,0
9vk3n,34,0,77,0,0,11,1,72,0,0,0,0,42,16,0
9v6t3,39,0,4,6,16,10,4,0,0,0,34,0,79,126,0
9v6k6,3,0,1,0,0,0,0,0,0,0,0,0,5,43,0
djgzk,3,0,9,0,0,0,0,1,0,0,0,0,20,67,0
9vg49,31,0,16,1,0,0,3,25,0,1,0,0,47,124,0
9vg48,13,0,14,2,0,5,0,38,0,2,11,0,43,35,0
9vg41,5,0,0,0,0,0,0,0,0,0,0,0,0,5,0
9vg40,38,0,0,12,0,6,0,6,0,0,4,0,79,68,0
9vg43,8,0,8,0,0,5,0,20,0,0,2,0,13,4,0
9vg42,46,0,33,21,0,13,0,38,0,0,3,0,103,29,0
9vg45,57,1,44,0,0,0,0,19,0,2,0,1,67,54,0
9vg44,8,0,40,7,0,8,0,14,0,0,1,0,44,20,0
9vg47,38,0,31,0,0,6,0,102,0,0,0,0,38,11,0
9vg46,13,0,5,0,0,17,1,21,0,0,0,0,21,2,0
dnq2e,16,0,14,0,0,2,3,13,0,0,0,0,5,21,0
dnq2g,1,0,3,0,0,0,0,3,0,0,2,0,0,19,0
dnq2h,0,0,0,0,0,0,2,31,0,0,0,0,0,11,0
dnq2j,17,0,27,0,0,5,4,13,0,4,0,0,23,27,0
dnq2k,9,0,14,0,0,0,1,17,0,0,0,0,3,21,0
dnq2m,25,0,7,1,0,3,0,47,0,0,5,0,9,13,0
dnq2n,11,2,56,3,0,2,1,0,0,2,0,2,10,33,0
dnq2p,31,3,55,0,0,8,5,82,0,33,0,3,32,49,0
dnq2q,90,0,58,29,0,5,0,9,0,27,22,0,20,11,0
dnq2r,57,0,56,0,0,16,12,43,0,2,0,0,41,10,0
dnq2s,8,0,14,0,0,4,1,0,0,1,0,0,8,4,0
9qh18,25,5,28,0,0,4,35,0,0,20,57,5,66,162,0
9qh19,26,5,16,0,0,9,6,7,0,21,12,5,32,74,0
dnq2v,6,6,2,0,4,2,2,4,0,2,11,6,7,94,0
dnq2w,15,11,22,0,0,0,6,59,0,0,0,12,16,81,0
dnq2x,7,0,31,0,0,6,2,123,0,0,0,0,24,13,0
dnq2y,9,0,0,0,0,2,6,0,0,2,0,0,25,70,0
dnq2z,5,3,0,0,0,0,8,0,0,2,0,3,0,59,0
9qh10,41,6,25,0,0,21,16,27,0,3,2,7,83,189,0
9qh11,20,0,27,0,0,0,3,55,0,0,3,0,77,81,0
9qh12,61,2,18,0,0,2,26,68,0,13,35,2,123,91,0
9qh13,49,5,18,0,0,11,13,10,0,9,5,5,49,113,0
9vg4h,45,11,46,2,0,14,1,18,0,1,2,11,73,23,0
9vg4k,84,0,123,5,0,18,0,91,0,9,0,0,149,8,0
9vg4j,88,0,36,0,0,0,0,40,0,1,1,0,12,4,0
9vg4m,116,0,1430,11,1,53,9,286,0,20,16,0,689,1,0
9vg4n,23,0,8,0,0,9,0,8,0,0,0,0,14,3,0
9vg4c,26,0,16,1,2,15,0,1,0,1,8,0,129,62,0
9vg4b,24,0,1,4,0,19,1,0,0,0,6,0,103,68,0
9vg4e,34,0,12,0,0,10,0,51,0,0,0,0,43,20,0
9vg4d,14,0,22,0,0,6,0,37,0,0,5,0,33,43,0
9vg4g,20,0,163,0,0,14,0,67,0,3,1,0,135,4,0
9vg4f,32,2,62,5,4,29,3,39,0,9,1,2,71,31,0
9vg4y,19,0,4,3,0,0,4,6,0,1,0,0,70,23,0
9vg4x,4,0,4,0,0,8,0,4,0,0,5,0,56,54,0
9vg4z,46,0,12,0,0,0,0,6,0,0,0,0,76,11,0
9vg4q,55,0,246,11,0,10,0,79,0,3,2,0,104,8,0
9vg4p,6,0,50,0,0,9,0,29,0,2,0,0,59,11,0
9vg4s,86,10,270,9,0,24,0,27,0,9,8,10,256,7,0
9vg4r,7,0,29,0,0,0,2,32,0,1,1,0,49,32,0
9vg4u,50,0,93,5,0,4,1,25,0,0,44,0,116,23,0
9vg4t,289,4,3015,31,0,22,40,357,0,59,60,4,1049,7,0
9vg4w,34,0,175,1,0,10,0,10,0,0,0,0,111,11,0
9vg4v,111,9,311,38,0,8,1,24,0,2,11,9,225,4,0
9qh1b,134,4,99,2,0,23,17,1,0,97,74,4,109,56,0
9qh1c,84,5,16,0,1,12,15,9,0,81,24,5,87,162,0
djgzy,37,0,11,0,0,3,0,4,0,1,2,0,3,4,0
dnq25,2,0,8,0,0,0,0,0,0,0,0,0,0,16,0
dnq27,8,0,11,0,0,0,1,9,0,0,0,0,3,33,0
9v6e1,1,0,0,0,0,2,0,0,0,0,0,0,0,0,0
9mgzc,13,0,2,0,0,0,0,0,0,0,1,0,4,23,0
9mgzf,3,0,0,0,0,0,0,0,0,0,0,0,0,16,0
9mgzg,16,11,12,0,0,0,3,0,1,0,16,11,18,120,0
9mgzy,1,2,28,0,0,0,0,99,0,0,12,2,1,0,0
dnnr5,4,0,0,0,0,0,0,0,0,0,2,0,0,19,0
9mgzu,46,8,48,0,0,6,24,99,0,5,15,8,40,24,0
9vk0h,57,0,9,0,0,0,0,9,0,0,0,0,9,271,0
9vk0k,13,0,15,0,0,3,2,14,0,0,0,0,20,62,0
9vk0j,69,0,0,0,0,5,0,0,0,0,0,0,18,172,0
9vk0m,3,0,0,0,0,7,0,0,0,0,0,0,16,54,0
9vk0n,6,0,0,0,0,1,4,0,1,0,0,0,11,119,0
dhwgn,103,0,42,0,0,9,30,16,2,317,1,0,134,3,0
9vk0c,41,14,9,2,0,10,5,0,0,1,9,14,78,43,0
9vk0b,28,2,3,0,0,0,0,0,0,0,4,2,89,107,0
9vk0e,21,3,9,0,3,10,3,7,0,1,4,3,48,61,0
9vk0d,28,0,50,0,1,10,13,6,0,3,0,0,65,110,0
9vk0g,140,41,262,3,3,10,51,0,0,30,29,49,179,75,0
9vk0f,44,3,74,0,1,4,31,0,0,3,5,11,117,41,0
9vk0y,70,0,63,0,0,7,20,65,0,1,1,0,88,5,0
9vk0x,27,0,38,0,1,0,0,26,0,0,1,0,25,5,0
9vk0z,74,0,19,0,1,21,1,3,0,0,1,0,82,19,0
dhwgs,28,1,25,0,0,2,29,0,0,66,9,1,77,16,0
dhwgr,89,2,77,0,0,1,8,14,1,315,0,2,148,3,0
dhwgq,65,0,69,0,0,23,1,16,1,266,6,0,123,2,0
9vg3e,13,0,0,0,0,4,0,0,0,0,0,0,3,5,0
9vk0q,4,0,2,0,0,3,1,0,0,0,1,0,9,22,0
9vk0p,16,0,8,0,0,0,0,8,0,0,0,0,11,138,0
9vk0s,6,0,20,0,0,2,6,20,0,0,0,0,33,49,0
9vk0r,6,0,0,0,0,4,1,0,0,0,0,0,8,30,0
9vk0u,90,3,120,0,10,9,105,38,0,15,3,3,146,27,0
9vk0t,22,2,3,0,0,7,6,3,0,0,0,2,14,53,0
9vk0w,39,0,7,0,0,0,0,0,0,2,0,0,32,53,0
9vk0v,88,0,234,0,5,19,16,118,0,6,0,0,140,5,0
9v6ef,3,0,0,0,0,6,3,0,0,1,0,0,14,9,0
dnq8f,89,4,338,178,7,9,5,37,1,7,10,6,122,20,0
dnq90,14,0,12,7,0,14,1,10,0,2,8,0,36,15,0
9qh43,77,0,5,0,0,7,0,9,0,42,12,0,35,107,0
9vk09,23,6,30,0,4,9,2,4,0,0,0,6,56,42,0
9vk08,44,0,17,1,0,7,0,16,0,0,1,0,105,105,0
dhwg5,33,0,79,0,0,0,4,20,0,28,7,1,63,4,0
dhwg4,5,0,22,0,0,3,0,0,0,8,11,0,14,4,0
9vk01,43,0,2,0,0,0,0,0,0,0,0,0,40,124,0
9vk03,24,0,14,0,0,1,0,9,0,0,4,0,33,155,0
9vk02,34,0,2,0,0,4,0,0,0,0,2,0,39,148,0
9vk05,6,0,2,0,0,0,4,2,0,0,0,0,0,88,0
9vk04,16,0,0,0,0,3,2,0,0,0,0,0,24,143,0
9vk07,14,0,0,0,0,4,7,0,0,0,0,0,36,72,0
9vk06,31,0,7,0,0,5,0,0,0,0,0,0,28,178,0
9vg1f,21,0,15,0,0,6,0,36,0,0,1,0,41,21,0
9vg1g,37,0,11,0,0,12,0,26,0,0,0,0,77,25,0
9vg1d,34,0,9,0,0,5,0,9,0,0,0,0,57,65,0
9vg1e,29,0,0,0,0,8,0,0,0,0,0,0,73,69,0
9vg1b,7,0,0,0,0,7,0,0,0,0,5,0,90,110,0
9vg1c,3,0,0,0,0,6,0,0,0,0,1,0,10,33,0
dnq92,10,0,28,1,0,2,0,10,0,2,0,0,22,23,0
9vg1m,10,0,3,0,0,0,0,0,0,0,0,0,18,45,0
9vg1k,13,0,16,0,0,7,1,0,0,0,0,0,37,89,0
9vg1h,20,0,0,0,0,4,0,0,0,0,0,0,0,67,0
9vg1v,28,0,14,2,0,0,2,16,0,1,1,0,31,25,0
9vg1w,4,0,4,0,0,0,0,5,0,0,0,0,6,1,0
9vg1t,12,0,0,0,0,3,0,0,0,0,0,0,16,22,0
9vg1u,22,0,0,0,0,14,1,0,0,0,5,0,45,52,0
9vg1r,3,0,5,0,0,2,0,5,0,0,0,0,0,0,0
9vg1s,7,0,0,0,0,15,0,0,0,1,2,0,24,33,0
9vg1q,14,0,11,0,0,0,0,11,0,0,0,0,8,2,0
dnh0c,31,25,3,0,0,3,1,36,0,1,9,25,47,70,0
9vg1z,5,0,1,0,0,7,0,1,0,0,0,0,0,2,0
9vg1x,12,0,7,0,0,6,0,7,0,0,4,0,0,4,0
9vg1y,10,0,7,0,0,10,0,7,0,0,0,0,20,20,0
9qh50,1,0,0,0,0,0,0,0,0,0,0,0,0,0,0
9qh52,1,0,0,0,0,0,0,0,0,0,0,0,0,0,0
9v6ky,3,0,0,0,0,0,3,0,0,0,0,0,3,71,0
9v6kx,126,0,6,0,0,11,5,0,0,42,0,0,40,115,0
9v6kz,108,35,51,13,0,15,2,0,0,23,0,35,93,161,0
9v6ku,24,0,1,0,0,0,0,0,0,0,0,0,5,65,0
9v6kt,2,0,0,0,0,0,0,0,0,0,0,0,0,46,0
9v6kw,13,0,0,0,0,4,2,0,0,0,0,0,9,102,0
9v6kv,5,0,1,0,0,0,1,0,0,0,0,0,6,60,0
9v6kq,11,0,3,0,0,0,0,0,1,4,0,0,10,83,0
9v6kp,752,0,896,0,4,15,3,26,5,135,34,6,317,54,0
9v6ks,4,0,0,0,0,0,0,0,0,0,0,0,4,46,0
9v6kr,302,0,108,0,0,14,4,0,0,97,8,0,102,48,0
9v6km,19,0,0,0,0,4,0,0,1,0,0,0,21,59,0
9v6kn,87,7,0,0,0,11,3,0,0,10,0,7,34,80,0
dnq8g,12,0,6,0,0,3,0,4,0,0,0,0,20,184,0
9v6kk,6,0,0,0,0,0,0,0,0,0,0,0,4,63,0
9v6kj,7,0,0,0,0,6,0,0,0,2,0,0,17,48,0
9v6ke,4,0,0,0,0,0,2,0,0,0,0,0,2,33,0
9v6kd,14,1,6,0,0,0,3,0,0,0,0,1,21,169,0
9v6kg,3,0,0,0,0,0,0,0,0,0,0,0,4,40,0
dhwfg,103,2,100,9,0,2,2,0,2,86,15,4,100,7,0
9v6te,16,0,11,0,1,3,1,9,0,0,0,0,17,146,0
9qh0b,41,0,10,0,0,19,2,21,0,37,5,0,114,125,0
9vg16,22,0,0,0,0,3,0,0,0,0,0,0,53,42,0
9vg17,12,0,16,0,0,0,1,0,0,0,0,0,46,66,0
dnq8d,22,0,55,1,1,0,2,20,0,2,1,0,40,100,0
9vg13,13,0,7,0,0,8,0,7,1,0,0,0,33,59,0
dnq8v,1,0,2,0,0,0,0,2,0,0,6,0,2,44,0
9v6su,0,0,0,0,0,0,0,0,0,0,0,0,0,14,0
dhwfh,92,0,116,1,2,12,8,6,3,111,10,1,146,18,0
9vg18,1,0,1,0,0,0,0,0,0,0,0,0,11,17,0
9vg19,7,0,0,0,0,0,0,0,0,0,0,0,0,42,0
9v6k5,2,0,0,0,0,0,0,0,0,0,0,0,3,16,0
9v6k7,13,0,0,0,0,0,0,0,1,0,0,0,20,62,0
dnq8u,8,0,1,0,0,1,0,1,0,0,1,1,16,110,0
9v6tg,0,0,0,0,0,2,0,0,0,0,0,0,0,54,0
dn5b5,12,0,6,0,2,3,0,3,0,0,2,0,16,57,0
dn5b7,25,0,21,0,0,0,0,2,0,0,6,0,38,66,0
9v6st,2,0,5,0,0,0,0,5,0,0,0,0,4,18,0
9v6sv,3,0,0,0,0,0,0,0,0,0,0,0,0,3,0
dnq99,8,0,2,0,0,0,0,0,0,0,0,0,3,22,0
dnq8b,12,16,16,0,0,4,1,4,0,0,0,16,8,96,0
9v6ss,15,0,10,0,0,0,0,10,0,1,0,0,17,100,0
dnq8c,18,1,6,44,4,0,1,5,0,3,15,1,21,152,0
dnnqv,18,0,95,2,0,7,0,3,0,0,0,0,61,6,0
9vg3f,7,0,0,0,0,6,0,0,0,0,0,0,0,12,0
dnnqu,57,0,16,0,0,2,3,5,0,0,0,0,19,48,0
dnh0f,17,0,8,0,0,16,0,38,0,1,2,0,33,15,0
dnnx1,6,1,4,0,0,2,0,0,2,0,10,1,5,142,0
dnnx0,28,4,20,1,0,0,0,0,1,0,3,4,23,55,0
dn5bt,48,10,140,2,1,5,1,5,0,9,71,10,120,97,0
dn5bu,32,1,79,0,4,1,0,5,0,0,46,1,55,29,0
dn5bv,167,71,224,10,25,22,0,0,1,28,51,71,268,27,0
dn5bw,47,4,47,0,1,6,0,0,1,1,14,4,104,7,0
dn5bp,564,0,763,118,1,16,11,119,0,39,16,1,395,7,0
dnnx3,32,0,2,6,0,2,7,0,0,0,0,0,22,208,0
dn5br,107,1,44,1,0,15,0,16,1,7,2,3,59,5,0
dn5bs,34,2,35,0,0,0,0,0,0,9,21,2,54,80,0
dnq8e,8,9,12,0,0,0,0,0,0,2,0,9,1,73,0
dn5bx,25,2,19,0,0,0,2,0,0,0,9,2,45,5,0
dn5by,58,5,81,2,3,14,0,0,0,2,12,5,76,19,0
dn5bz,23,1,12,0,8,3,1,0,0,0,4,1,45,27,0
dnq8j,1,0,0,0,0,3,0,0,0,0,0,0,0,49,0
9v6s0,249,0,67,3,0,3,2,25,0,134,5,0,56,31,0
dn5bg,16,0,43,0,0,0,0,0,0,2,33,0,57,92,0
dnq8k,6,0,4,0,0,3,1,4,1,0,0,0,10,87,0
dn5bm,17,4,21,0,0,3,0,12,0,0,2,4,31,29,0
dn5bn,49,3,8,0,0,1,0,74,0,2,1,3,14,9,0
dn5bh,13,0,6,0,1,3,0,2,0,0,2,0,26,22,0
dnq8h,20,0,0,0,0,0,0,0,0,0,0,0,1,81,0
dn5bj,28,0,4,0,0,16,0,9,0,1,2,0,27,4,0
dn5bk,9,3,12,0,0,0,1,2,0,0,0,3,6,125,0
9v6se,3,0,19,0,0,8,0,5,0,0,0,0,30,15,0
9v6sd,1,0,16,0,0,7,0,2,0,0,0,0,35,88,0
dnnx9,23,0,20,0,0,1,1,0,1,0,0,0,11,91,0
9v6sk,1,0,0,0,0,0,0,0,0,0,0,0,0,15,0
dnnx8,36,4,21,2,0,0,0,0,1,0,2,4,13,210,0
dnnrs,4,0,37,0,0,0,9,0,0,1,0,0,16,76,0
dnnrr,6,0,1,0,0,0,1,0,0,0,0,0,3,98,0
dnq8m,2,0,7,0,0,1,1,7,0,0,0,0,4,11,0
dnnrq,15,3,7,0,0,0,4,1,0,0,1,3,5,34,0
9vg5j,79,12,99,12,0,12,1,0,0,1,0,12,122,33,0
9vg5k,81,0,126,16,0,22,3,34,0,5,5,0,177,59,0
9vg5h,12,0,6,3,0,1,0,0,0,0,4,0,39,69,0
dnnrp,2,8,0,0,0,0,5,0,0,0,1,8,0,73,0
9vg5n,27,0,60,0,0,3,2,12,0,5,0,0,101,52,0
9v6sc,40,0,0,0,0,4,5,0,0,0,2,0,53,133,0
9vg5m,52,4,52,2,0,11,3,0,0,3,2,4,124,59,0
9vg5b,35,0,60,0,0,5,2,0,0,0,2,0,122,108,0
9vg5c,19,0,31,0,0,13,0,33,0,1,2,0,73,7,0
9v6sb,222,20,23,2,0,7,2,13,0,67,2,25,80,85,0
9vg5f,5,0,0,2,10,10,0,0,1,0,2,0,66,102,0
9q5d7,7,12,1,1,0,2,2,0,0,0,0,12,5,88,0
9vg5d,6,0,23,3,0,20,0,31,0,2,13,0,110,45,0
9q5d5,4,15,2,0,0,0,10,0,0,0,9,15,4,71,0
9vg5z,42,0,66,4,2,13,1,49,0,3,7,2,134,53,0
9v6sm,0,0,0,0,0,0,0,0,0,0,0,0,0,1,0
9vg5x,129,0,310,7,1,8,0,36,0,5,26,0,219,61,0
9vg5y,23,0,42,1,0,3,2,2,0,0,5,0,106,130,0
dnnru,1,0,10,0,0,0,8,24,0,0,0,0,0,40,0
9v6e6,3,0,0,0,0,0,1,0,0,0,0,0,0,6,0
9vg5r,18,0,88,2,0,0,1,8,0,0,10,0,135,96,0
9vg5s,51,0,9,1,0,6,1,9,0,2,0,0,110,79,0
9vg5p,4,0,49,1,0,11,1,33,0,2,3,0,105,58,0
9vg5q,58,0,68,3,1,24,0,22,0,2,12,0,110,33,0
9vg5v,20,0,77,5,0,2,0,4,0,0,25,0,157,154,0
9vg5w,67,0,71,9,0,4,4,11,0,8,16,0,103,52,0
9vg5t,28,0,31,0,0,1,0,13,0,0,3,0,125,88,0
9vg5u,72,3,36,10,0,12,1,6,0,0,13,3,152,129,0
dnnrk,13,10,52,0,0,0,4,0,0,0,0,10,8,161,0
dnnrj,10,0,31,0,0,5,1,1,0,0,2,0,7,37,0
9v6t1,85,0,2,0,1,6,5,0,0,22,22,0,95,144,0
9vgk4,12,0,0,0,0,0,0,0,0,0,0,0,1,64,0
9v6sh,2,0,0,0,0,0,0,0,0,0,0,0,0,1,0
9vk56,10,0,15,0,1,0,0,0,0,0,0,0,9,202,0
9vk54,12,0,6,0,1,3,0,6,0,0,0,0,44,205,0
9vk55,10,0,22,0,0,2,1,3,0,0,1,0,54,161,0
9vk53,18,0,12,0,0,0,2,4,0,0,0,0,22,165,0
9vk50,13,0,12,0,0,3,2,10,0,0,0,0,11,23,0
9vk51,6,0,1,0,0,4,2,1,0,0,0,0,15,148,0
dnnrn,15,0,24,0,0,0,0,5,0,0,0,0,4,45,0
9q5dz,23,51,10,0,0,5,25,0,0,22,28,51,45,234,0
9q5dx,24,43,13,1,0,1,28,7,0,4,43,43,40,92,0
9q5dy,108,67,19,7,0,4,19,1,0,11,38,67,69,288,0
9vhpf,22,0,5,0,0,7,0,0,6,0,0,0,28,86,0
9vhpg,4,0,8,0,0,1,0,8,0,0,0,0,14,104,0
9q5dr,100,64,40,2,0,4,12,0,0,5,5,64,59,123,0
9q5ds,35,31,2,0,0,0,12,0,0,0,4,31,36,238,0
9q5dp,5,0,30,0,0,2,1,0,0,0,0,0,7,69,0
9q5dq,76,64,70,0,0,5,15,0,0,2,3,64,79,135,0
9q5dv,68,33,65,0,0,7,15,30,0,3,7,33,75,199,0
9q5dw,44,34,9,0,0,0,39,13,0,9,29,34,64,128,0
9q5dt,108,46,64,3,0,0,55,0,0,0,3,46,119,195,0
9q5du,10,12,2,0,0,3,4,2,0,0,5,12,0,45,0
9q5dj,2,0,0,0,0,0,0,0,0,0,0,0,0,19,0
9q5dk,90,95,33,3,1,7,1,0,3,0,10,95,75,206,0
9vg58,34,0,20,0,0,8,0,0,1,0,0,0,71,103,0
9vg59,20,0,2,0,0,16,1,0,0,0,4,0,54,82,0
9vhpv,10,0,0,0,0,3,0,0,0,0,0,0,0,50,0
9q5dm,308,55,80,15,0,7,7,0,0,19,52,55,106,102,0
9vg52,8,0,31,1,0,9,0,25,0,3,0,0,82,26,0
9vg53,10,0,29,6,0,3,0,5,0,0,32,0,44,131,0
9vg50,0,0,4,0,0,4,0,4,0,3,0,0,20,7,0
9vg51,49,0,88,23,22,16,0,24,0,15,18,0,105,47,0
9vg56,6,0,52,0,0,13,1,57,0,1,0,0,72,10,0
9q5dg,11,0,4,0,0,2,0,12,0,2,0,0,2,34,0
9vg54,19,12,53,14,0,9,2,18,0,2,35,12,43,11,0
9vg55,15,7,73,4,0,27,0,21,0,2,1,7,135,38,0
dn5be,24,0,31,0,4,0,0,0,0,0,18,0,44,115,0
9vk5n,0,0,0,0,0,0,0,0,0,0,0,0,4,73,0
9vk5m,43,0,2,0,0,3,0,0,0,0,0,0,14,333,0
9vk5j,5,0,9,0,0,1,0,0,0,0,0,0,16,232,0
9vk5k,14,0,26,0,6,6,0,3,0,0,0,0,27,120,0
9vk5h,21,0,34,0,6,13,0,31,0,0,0,0,42,71,0
9vk5p,0,0,0,0,0,0,0,0,0,0,0,0,0,8,0
dnnqg,14,0,20,0,0,0,0,11,0,0,0,0,17,74,0
9v6e2,2,0,0,0,0,0,0,0,0,0,0,0,1,1,0
dnh09,28,16,18,0,0,3,0,0,0,2,8,16,25,31,0
dnh08,64,18,25,0,0,3,0,3,1,3,4,19,64,62,0
9v6ed,3,0,0,0,0,4,2,0,0,1,0,0,4,50,0
dnh03,94,24,12,0,0,0,0,0,0,12,5,26,24,45,0
dnh02,97,11,13,0,0,13,21,18,0,8,2,11,65,11,0
dnh01,346,17,223,0,1,0,0,21,0,34,23,23,86,23,0
dnh00,355,32,243,0,0,4,0,41,1,22,16,39,107,6,0
dnh07,36,6,33,23,0,3,0,8,0,14,29,6,29,151,0
dnh06,31,15,2,0,0,3,0,1,0,4,16,15,17,66,0
dnh05,21,26,22,0,0,3,0,1,0,1,19,26,36,98,0
dhx4b,53,0,106,0,7,2,3,0,0,132,15,3,149,3,0
9vgk0,14,6,136,4,0,0,1,0,0,0,7,6,88,120,0
9vfcr,2,0,0,1,0,0,0,0,0,0,1,0,14,35,0
9vfcx,3,0,4,0,0,9,1,0,0,0,1,0,37,55,0
9vfcz,12,0,0,0,0,15,4,0,0,0,5,0,64,92,0
9v6ts,6,0,0,0,0,0,0,0,0,0,0,0,2,75,0
9v6tu,18,0,3,0,0,0,1,3,0,0,0,0,3,44,0
djgzj,22,0,0,0,0,6,0,0,1,0,0,0,1,95,0
dnnxe,10,0,20,0,0,8,2,4,0,0,2,0,0,157,0
djgzh,16,0,21,0,0,4,0,24,0,0,0,0,0,18,0
djgzn,10,0,0,0,0,2,0,0,0,0,1,0,12,85,0
dhx48,362,0,163,18,0,0,1,0,0,116,59,3,199,9,0
dnnxd,11,0,0,0,0,0,1,0,0,0,0,0,4,200,0
dnq2t,14,0,4,0,0,13,1,0,0,0,4,0,3,30,0
dnh0b,44,0,30,0,1,19,0,12,0,4,2,3,142,107,0
dnh0g,36,8,23,0,0,3,0,20,0,0,0,8,5,71,0
dnnxg,69,1,14,0,0,3,0,4,0,2,2,1,14,89,0
dnh0e,24,0,26,0,0,0,0,4,1,0,16,0,26,128,0
dnh0d,5,2,37,0,0,2,0,0,0,0,1,2,19,49,0
djgzz,110,5,132,0,1,21,0,43,0,2,2,5,85,8,0
djgzx,26,0,3,0,0,23,0,3,0,0,3,0,1,6,0
dnnxf,22,1,2,0,0,0,1,2,0,1,0,1,12,111,0
djgzr,35,1,35,0,2,22,0,33,0,1,20,1,73,11,0
djgzs,10,0,4,0,0,0,0,2,0,0,4,0,7,47,0
djgzp,11,0,7,0,0,4,0,4,0,0,3,0,22,26,0
djgzq,169,0,35,0,5,21,0,20,0,15,13,0,42,1,0
djgzv,17,0,1,0,0,2,0,1,0,0,2,0,14,34,0
djgzw,55,0,12,0,0,7,1,14,0,11,0,0,14,7,0
djgzt,19,0,0,0,0,10,0,0,0,0,3,0,14,35,0
djgzu,15,0,5,0,0,0,0,5,0,0,7,0,6,86,0
dnnxc,5,0,2,0,0,0,1,0,0,0,3,0,5,125,0
dnq85,6,0,0,0,0,0,0,0,0,0,2,0,2,91,0
9v6t8,30,0,4,0,0,3,0,3,0,0,0,0,38,258,0
9v6s2,226,6,70,1,5,26,0,20,3,88,5,16,98,32,0
9q5cs,330,0,336,5,0,47,6,129,0,125,223,0,442,26,0
9q5cr,48,67,97,0,0,16,25,390,0,25,22,67,138,43,0
9q5cq,40,0,117,0,0,10,5,347,0,8,19,0,136,15,0
9q5cp,81,0,28,0,0,3,4,18,0,6,7,0,175,125,0
9q5cw,112,0,38,0,0,41,33,68,0,132,28,0,118,55,0
9q5cv,143,1,94,2,0,61,46,252,1,101,27,1,97,41,0
9q5cu,376,20,43,4,0,14,10,19,0,131,74,21,271,46,0
9q5ct,473,0,580,23,0,55,76,371,0,218,65,0,415,28,0
9q5cz,131,2,87,3,0,23,7,22,0,113,98,2,132,54,0
9q5cy,72,7,20,0,0,4,22,25,0,142,46,7,75,50,0
9q5cx,73,10,48,1,0,10,24,30,0,67,86,10,151,81,0
9v6s7,0,0,0,0,0,2,0,0,0,0,0,0,0,2,0
9q5cc,165,10,814,0,1,0,1,0,0,55,360,10,224,50,0
9q5cb,251,20,122,2,0,6,1,5,0,35,56,20,133,41,0
9v6sg,1,0,0,0,0,3,0,0,0,0,0,0,0,2,0
9v6sf,4,0,0,2,0,0,0,0,0,0,0,0,42,50,0
9q5cg,322,5,123,3,1,6,2,12,0,79,170,5,284,16,0
9q5cf,432,7,279,2,0,5,3,8,5,54,161,7,394,22,0
9q5ce,105,19,46,0,0,13,11,34,0,20,63,19,167,25,0
9q5cd,73,17,24,2,0,15,35,18,2,17,42,19,212,67,0
9q5ck,76,2,248,0,0,11,2,12,0,0,25,2,235,3,0
9q5cj,73,13,79,0,0,6,5,83,0,23,7,13,113,30,0
9q5ch,85,2,40,0,0,18,0,27,0,17,5,2,190,12,0
9q5cn,63,9,34,0,0,9,1,38,0,53,4,9,87,19,0
9q5cm,70,1,224,0,0,0,1,179,0,48,7,1,161,32,0
9vgk1,13,0,24,0,0,0,0,0,0,0,7,0,9,65,0
dnnxu,1,0,14,0,0,2,0,0,0,0,0,1,1,87,0
9v6tb,4,0,2,0,0,4,0,2,0,0,12,0,10,54,0
9v6tc,22,0,0,0,0,0,5,0,0,0,10,0,21,130,0
9v6td,12,0,4,0,0,0,7,4,0,0,0,0,16,270,0
9v6s3,42,36,13,0,19,4,2,1,0,28,106,37,32,125,0
9v6tf,2,0,0,0,0,0,0,0,0,0,0,0,2,94,0
dnnxt,8,1,19,0,0,3,2,0,0,0,17,1,8,50,0
9v6th,1,0,0,0,0,0,0,0,0,0,0,0,0,9,0
9v6tj,0,0,0,0,0,0,0,0,0,0,0,0,0,0,0
9v6tk,0,0,0,0,0,0,0,0,0,0,0,0,0,26,0
9vk18,11,0,0,0,0,0,1,0,0,0,0,0,6,1,0
9vk19,29,0,8,3,0,3,49,8,0,0,0,0,66,94,0
dhwf4,52,5,0,0,0,6,0,0,2,144,1,5,112,77,0
dhwf5,71,0,26,0,0,9,3,8,2,163,10,0,86,89,0
dhwf6,37,0,11,0,0,2,5,0,0,132,1,0,102,90,0
dhwf7,78,0,5,0,0,0,0,0,0,186,0,0,98,45,0
9vk12,251,64,26,23,0,11,1,0,0,3,59,66,44,116,0
9vk13,73,20,3,1,4,15,9,0,0,1,3,20,85,135,0
9vk10,57,0,12,0,0,2,8,0,0,1,0,0,102,130,0
9vk11,39,9,34,0,2,10,30,0,0,0,4,9,125,41,0
9vk16,31,0,35,0,3,8,14,0,0,0,1,0,67,218,0
9vk17,89,6,74,0,1,23,57,0,1,1,37,6,119,41,0
9vk14,58,2,23,0,1,4,48,0,0,0,7,2,112,38,0
9vk15,159,17,59,0,9,19,161,3,0,8,15,17,205,42,0
9q5c3,244,10,111,3,0,20,2,0,1,16,58,16,229,108,0
9q5c2,162,29,14,2,0,0,0,0,0,15,12,29,96,31,0
9q5c1,166,12,102,4,0,7,0,3,3,17,121,12,142,27,0
9q5c0,15,3,1,0,0,0,0,0,0,5,0,3,20,2,0
9q5c7,74,9,86,0,0,0,0,33,0,19,35,9,141,4,0
9q5c6,42,8,6,0,0,3,0,2,0,5,22,8,85,67,0
9q5c5,43,1,38,0,0,2,0,0,0,12,12,1,142,25,0
9q5c4,102,18,123,1,0,21,2,60,0,21,49,18,236,62,0
9q5c9,160,51,31,24,0,10,5,30,1,58,85,52,206,70,0
9q5c8,210,25,209,0,0,14,8,57,0,64,141,31,257,60,0
9v6s9,15,0,9,0,0,14,2,0,3,0,11,0,36,60,0
dhwge,9,12,49,0,0,6,2,0,1,18,6,12,27,19,0
9v6s8,251,0,23,0,0,11,1,11,0,127,1,0,70,85,0
9vk1j,307,0,818,8,5,25,78,145,0,37,21,0,371,3,0
9vk1k,139,16,204,0,9,8,72,30,0,15,7,21,120,22,0
9vk1h,213,24,122,3,1,9,64,24,0,22,21,26,149,21,0
9vk1n,98,0,514,159,1,15,8,196,0,20,4,0,190,7,0
dhwfe,93,14,218,2,2,7,30,13,2,140,12,16,196,50,0
dhwff,15,0,42,1,0,4,3,1,2,16,1,0,37,4,0
9vk1m,261,11,464,6,11,25,182,115,0,26,11,12,315,9,0
9vk1b,30,0,6,0,0,0,1,4,0,0,1,0,24,115,0
9vk1c,22,0,39,0,2,14,20,17,0,0,0,0,62,19,0
dhwfj,29,0,54,0,0,3,0,0,3,60,3,6,42,3,0
dhwfk,68,0,42,0,0,10,19,17,2,166,5,1,79,9,0
9vk1f,23,0,27,9,4,4,33,27,0,0,0,0,48,52,0
9vk1g,22,1,22,1,1,0,6,15,0,1,0,2,58,94,0
9vk1d,45,0,18,0,0,0,46,10,0,0,0,1,74,71,0
9vk1e,39,0,57,0,1,11,12,17,0,0,1,4,116,29,0
9vk1z,39,0,17,0,0,0,0,8,0,0,5,0,28,43,0
dhwfq,61,1,155,17,0,1,5,2,2,136,12,3,114,3,0
9vk1x,69,0,116,0,4,8,0,78,0,0,0,0,51,4,0
9vk1y,31,0,16,0,10,7,2,6,0,0,5,0,61,5,0
dhwft,166,3,208,6,2,27,7,8,12,257,38,4,125,6,0
dhwfu,52,12,113,1,0,10,3,44,2,122,17,14,109,8,0
dhwfv,121,1,163,3,1,9,8,79,3,291,13,2,124,1,0
dhwfw,195,0,77,0,0,19,21,3,4,450,30,6,186,8,0
9vk1r,27,0,121,0,0,8,1,151,0,0,0,0,42,2,0
9vk1s,125,16,233,0,6,9,45,11,0,0,45,16,150,39,0
9vk1p,58,0,142,2,0,5,1,211,0,3,0,0,72,8,0
9vk1q,179,0,555,0,9,24,32,184,0,16,5,0,280,4,0
9vk1v,66,0,222,0,16,7,21,0,0,0,111,0,149,28,0
9vk1w,84,2,91,0,5,24,8,41,0,0,0,2,95,7,0
9vk1t,107,7,259,0,11,22,117,57,0,16,45,7,176,11,0
9vk1u,69,0,128,0,6,3,7,0,0,0,17,0,139,13,0
9v6t9,62,0,14,1,4,7,7,10,0,1,7,0,46,195,0
dhwgk,60,0,22,0,0,17,7,0,0,116,3,0,113,6,0
9v677,0,0,0,0,0,0,0,0,0,0,0,0,0,0,0
dhwgj,59,0,60,0,0,2,3,55,0,266,4,0,113,2,0
9v7gh,0,0,0,0,0,0,0,0,0,0,0,0,0,10,0
dhwgh,76,1,75,0,2,8,0,22,0,180,3,3,150,4,0
9v6e9,17,0,0,0,0,4,0,0,0,0,0,0,4,13,0
dnq91,22,0,6,0,0,4,9,0,1,0,4,0,8,162,0
9vfgx,3,0,0,0,0,3,0,0,0,0,0,0,23,13,0
dnq93,8,0,0,0,0,0,5,0,0,0,0,0,0,71,0
9vfgz,34,0,116,1,0,0,1,0,0,0,2,0,85,150,0
9v5zu,1,0,0,0,0,0,0,0,0,0,0,0,0,40,0
dnq94,37,3,6,0,0,11,4,0,0,0,20,3,23,110,0
dnq97,3,1,54,18,6,2,0,0,0,0,2,1,57,19,0
dnq96,9,1,8,0,0,0,11,0,0,0,2,2,2,152,0
9v5zy,0,0,1,0,0,0,1,1,0,0,1,0,0,17,0
dnq98,1,0,39,0,0,0,1,13,0,0,0,0,6,65,0
9vfgr,7,0,23,0,6,24,1,7,0,1,0,0,41,8,0
djup8,13,0,4,0,0,4,0,4,0,0,1,0,2,5,0
dhwgt,59,6,43,0,0,2,8,0,2,238,0,6,83,9,0
9v6e8,9,0,0,0,0,1,0,0,0,0,0,0,11,25,0
9v6eb,61,0,5,0,0,3,7,3,0,36,4,0,46,62,0
9v67y,174,0,30,0,0,7,0,3,0,61,0,0,92,167,0
9v67x,23,0,0,0,0,1,2,0,0,3,0,0,24,114,0
9v67z,139,0,19,0,0,18,4,15,0,62,0,0,58,112,0
9v67q,1,0,0,0,0,6,0,0,0,0,0,0,2,40,0
9v67p,0,0,0,0,0,2,0,0,0,0,0,0,0,0,0
9v67s,9,0,3,0,0,0,0,0,0,0,0,0,0,98,0
dhwgp,85,3,46,0,0,3,26,27,3,201,11,6,72,9,0
9v67u,25,0,0,0,0,3,0,0,0,2,0,0,46,184,0
9v6t7,18,0,0,0,0,6,3,0,0,0,6,0,29,177,0
9v67w,53,0,6,0,0,5,0,4,0,20,2,0,36,127,0
9vg5g,13,3,26,2,0,0,1,14,0,0,3,3,84,115,0
9v67h,7,0,0,0,0,0,0,0,0,0,0,0,1,17,0
9v67j,22,0,4,5,0,2,0,4,0,0,5,0,6,65,0
9v67m,13,0,1,0,0,0,0,1,0,0,14,1,5,23,0
9v67n,8,0,0,2,0,3,0,0,0,0,2,0,4,70,0
dhwfd,54,9,171,1,1,11,8,10,2,73,11,9,88,16,0
9vg5e,17,0,52,2,0,4,0,26,0,0,3,0,101,157,0
9v67e,1,0,0,0,0,0,0,0,0,0,0,0,0,37,0
9v67g,7,0,0,0,0,0,0,0,0,0,0,0,1,52,0
9v67f,15,0,0,0,0,0,0,0,0,0,6,0,5,33,0
dnq9s,8,1,46,47,4,3,1,0,0,0,7,1,50,50,0
9v7bk,8,0,3,0,0,0,0,1,0,0,1,0,0,13,0
9v7bj,18,0,12,0,0,2,2,6,0,0,2,0,21,167,0
9v7bh,21,0,8,0,0,1,0,8,0,0,0,0,42,66,0
9v7bn,17,0,5,0,0,3,0,5,0,0,0,0,14,165,0
9v7bm,21,0,20,0,0,0,2,9,0,0,8,0,7,95,0
9v7bs,2,0,0,0,0,0,0,0,0,0,0,0,0,34,0
9v7br,54,0,21,0,0,7,0,17,2,0,0,0,91,142,0
9v7bq,35,0,34,0,0,4,0,2,0,0,0,0,22,115,0
9v7bp,6,0,4,0,0,0,1,4,0,0,1,0,0,58,0
9v7bw,18,0,0,0,0,1,1,0,0,0,2,0,26,114,0
9v7bv,25,0,2,0,0,6,2,0,0,0,0,0,25,269,0
9v7bu,19,0,0,0,0,4,1,0,0,0,4,0,12,84,0
9v7bt,14,0,0,0,0,2,0,0,0,0,10,0,18,213,0
9v7bz,32,0,16,1,0,0,6,0,0,0,0,0,90,230,0
9v7by,6,0,7,0,0,1,3,0,0,0,2,0,24,251,0
9v7bx,10,0,11,0,0,0,0,11,0,0,0,0,58,135,0
dnq9m,7,0,7,0,0,0,0,7,0,0,4,0,20,37,0
dhwfm,151,0,283,0,1,12,5,2,12,302,36,1,209,8,0
9vk6c,27,8,109,3,0,0,0,0,0,0,2,8,43,90,0
9vk6b,48,15,52,1,0,3,0,4,0,0,0,15,34,65,0
9vk6g,4,0,0,0,0,0,0,0,0,0,0,0,1,34,0
9vk6f,50,13,173,5,0,0,1,0,0,0,0,13,50,190,0
9vk6e,3,0,2,0,0,0,3,2,0,0,0,0,0,22,0
9vk6d,20,0,2,0,1,0,1,0,0,0,0,0,44,213,0
9vk6k,0,0,0,0,0,0,3,0,0,0,0,0,4,51,0
9vk6h,18,0,6,0,0,2,1,6,0,0,0,0,14,75,0
dhwfr,22,4,74,1,0,0,1,0,0,16,9,4,15,5,0
9vk6m,0,0,11,0,0,0,0,8,0,0,0,0,0,2,0
9vk6s,1,0,0,0,0,0,0,0,0,0,0,0,2,3,0
9vk6q,0,0,4,0,0,0,0,4,0,0,0,0,0,0,0
dhwfs,71,6,125,0,0,35,11,29,12,164,7,7,137,3,0
9vk6v,2,0,2,0,0,0,0,2,0,0,0,0,0,1,0
9vk6u,6,0,3,0,0,0,0,3,0,0,0,0,5,2,0
9v6tv,0,0,5,0,0,0,2,5,0,0,0,0,0,0,0
9v6t4,32,0,0,0,0,0,3,0,0,0,2,0,33,187,0
9vk6y,1,0,1,0,0,0,0,1,0,0,0,0,0,0,0
dnnx2,95,12,59,34,0,5,2,0,0,0,3,12,66,186,0
9v6t5,3,0,0,0,0,4,0,0,0,0,2,0,4,25,0
9v6t6,11,0,0,0,0,4,0,0,0,0,69,0,39,209,0
9v6w0,5,0,6,0,0,2,0,6,0,0,0,0,0,24,0
9v7gn,3,0,0,0,0,0,0,0,0,0,0,0,2,14,0
9v6w5,0,0,0,0,0,2,0,0,0,0,0,0,0,14,0
dhwfx,225,0,458,11,3,12,8,61,2,258,32,4,282,4,0
dhwfy,133,0,108,0,1,19,0,39,0,452,6,0,187,2,0
dhwfz,96,19,48,0,0,4,2,19,0,189,5,19,71,7,0
dnnrz,12,3,17,6,0,2,0,27,0,13,0,3,16,58,0
dnnry,37,0,31,0,0,16,6,104,0,34,2,0,44,47,0
dnnrx,49,0,13,6,8,7,3,25,0,35,10,0,59,72,0
9q59x,278,33,55,3,0,4,1,41,1,31,158,33,128,46,0
9q59z,6,20,0,0,0,1,0,0,0,0,15,20,3,53,0
9q59u,0,0,0,0,0,0,13,0,0,0,1,0,0,13,0
9q59t,10,0,0,0,0,0,3,0,0,4,0,0,3,8,0
9q59w,63,6,2,0,0,0,12,0,0,1,62,6,18,38,0
9q59v,10,0,0,0,0,0,8,0,0,0,1,0,4,6,0
dnnrw,16,4,37,5,0,6,1,16,0,16,2,4,19,44,0
dnnrv,16,0,42,0,0,0,7,27,0,38,8,0,19,138,0
9q59s,2,0,0,0,0,0,12,0,0,0,0,0,2,19,0
9q59r,126,0,23,1,0,2,0,2,1,36,21,0,50,0,0
9vk63,16,0,4,0,0,2,0,3,0,0,0,0,8,97,0
9vk62,34,7,36,3,0,4,0,0,0,0,2,7,18,149,0
9vk61,11,0,8,0,0,4,1,0,0,0,0,0,33,32,0
dnnrh,4,0,0,0,0,0,7,0,0,0,9,0,4,72,0
9vk66,6,0,5,0,0,0,0,0,0,0,3,0,26,145,0
dnnrm,33,2,61,0,0,3,2,0,0,0,8,2,15,67,0
9vk64,5,0,0,0,0,0,0,0,0,0,0,0,4,13,0
9q59e,23,0,1,0,0,0,5,0,0,4,1,0,5,11,0
9vk69,12,0,1,0,0,0,0,0,0,0,0,0,31,175,0
9vk68,32,8,88,1,0,2,0,6,0,0,10,8,39,54,0
dnnrg,8,0,1,0,0,0,1,0,0,0,0,0,2,16,0
dnnre,7,0,39,0,0,0,0,0,0,0,0,0,4,81,0
dhwfp,22,1,7,0,0,9,5,0,9,34,7,2,17,2,0
9vg67,0,0,6,0,0,3,0,6,0,0,1,0,0,11,0
9vg66,4,0,3,0,0,0,0,3,0,0,2,0,22,73,0
9vg65,2,0,0,0,0,1,0,0,0,0,0,0,4,12,0
9vg64,5,0,0,0,0,4,0,0,0,0,6,0,22,19,0
9vg63,12,0,4,0,0,5,0,4,0,0,14,0,124,49,0
9vg62,5,0,35,0,0,0,0,37,0,0,0,0,56,52,0
9vg61,13,0,0,0,0,13,0,0,0,0,1,0,32,26,0
9vg60,9,0,2,0,0,7,0,2,0,0,5,0,32,27,0
9vg69,5,0,33,0,0,22,0,0,0,0,5,0,133,30,0
9vg68,14,0,10,0,0,11,2,2,0,0,7,0,58,25,0
9v6ee,3,0,0,0,0,0,0,0,0,0,0,0,4,8,0
9vgh5,11,0,33,0,0,8,1,0,0,0,3,0,88,82,0
9vgh4,30,0,0,0,0,5,0,0,0,0,0,0,13,29,0
9vgh1,0,0,1,0,0,0,0,2,0,1,0,0,0,0,0
9vgh0,14,0,16,0,0,9,0,18,0,1,1,0,35,39,0
9v6ev,0,0,0,0,0,0,0,0,0,0,0,0,0,2,0
9v6eu,1,0,0,0,0,0,0,0,0,0,0,0,0,1,0
9v6et,1,0,0,0,0,0,0,0,0,0,0,0,0,3,0
9v6es,1,0,0,0,0,0,0,0,0,0,0,0,4,0,0
9vg6j,12,0,12,0,0,4,1,0,0,0,0,0,2,33,0
9v6eg,0,0,0,0,0,0,0,0,0,0,0,0,0,8,0
9q5g6,0,0,0,0,0,0,0,0,0,0,0,0,0,0,0
9q5g5,2,0,0,0,0,0,0,0,0,0,0,0,0,0,0
9q5g4,7,0,0,0,0,0,3,0,0,0,25,0,0,25,0
9v6ec,55,0,8,1,0,9,0,0,0,4,0,0,18,2,0
9q5g2,3,0,1,0,0,3,5,0,0,4,0,0,3,21,0
9q5g1,22,8,10,0,0,10,12,0,0,0,4,8,12,97,0
9q5g0,61,3,10,0,0,7,13,15,0,10,14,3,9,101,0
djup2,20,0,5,0,0,2,0,5,0,0,2,0,19,60,0
djup3,7,0,5,0,0,2,0,5,0,0,1,0,2,76,0
djup0,27,0,13,0,0,3,1,11,0,0,3,0,16,28,0
djup1,14,0,2,0,0,2,0,2,0,0,0,0,2,106,0
djup6,2,0,0,0,0,0,0,0,0,0,0,0,0,66,0
9v6ej,2,0,0,0,0,0,0,0,0,0,0,0,3,7,0
9v6eh,0,0,0,0,0,0,0,0,0,0,0,0,0,1,0
9vg6v,7,0,0,0,0,0,0,0,0,0,0,0,0,43,0
9vg6u,11,0,0,0,0,0,4,0,0,0,0,0,0,66,0
9vghn,14,0,56,0,0,0,0,0,0,0,10,0,86,204,0
9vg6s,2,0,0,0,0,0,0,0,0,0,0,0,0,65,0
9vghh,20,1,57,1,3,13,0,0,0,0,14,1,174,73,0
9vghj,28,0,62,1,3,0,0,0,0,0,18,0,119,125,0
9vg6g,1,0,0,0,0,2,0,0,0,0,0,0,1,2,0
9vg6f,2,0,0,0,1,10,0,0,0,0,0,0,13,90,0
9vg6d,0,0,0,0,0,3,0,0,0,0,0,0,10,31,0
9vg6c,4,0,10,0,0,7,0,0,0,0,3,0,89,53,0
9vg6b,7,0,8,0,0,7,0,8,0,0,2,0,64,25,0
9v6e3,0,0,0,0,0,3,0,0,0,0,0,0,0,2,0
9vg6m,18,0,6,0,0,5,0,6,0,0,0,0,14,35,0
9vg6k,13,0,4,0,0,3,0,4,0,0,0,0,8,11,0
9vghp,28,9,73,0,0,6,1,0,0,0,5,9,100,100,0
9vg6h,3,0,1,0,0,1,0,0,0,0,0,0,0,33,0
9v7fw,38,0,12,0,2,2,1,3,0,0,2,0,37,270,0
9v7fv,22,0,0,0,0,2,0,0,0,0,0,0,4,44,0
9v7fu,8,0,0,0,0,1,0,0,0,0,0,0,0,21,0
9v7ft,40,0,2,0,0,4,1,1,0,0,0,0,36,115,0
9v7fs,7,0,3,0,0,11,0,3,0,0,2,0,6,42,0
9v7fr,8,0,16,0,0,5,5,16,0,0,0,0,51,157,0
9v7fq,30,0,7,0,0,3,0,1,0,0,0,0,37,261,0
9v7fp,58,0,9,8,0,0,2,9,0,0,0,0,84,246,0
djupb,114,0,15,0,0,8,0,3,0,2,0,1,9,4,0
9q5gn,2,0,0,0,0,0,0,0,0,0,0,0,0,1,0
9v6e0,1,0,0,0,0,5,0,0,0,0,0,0,5,4,0
djupf,15,9,0,0,0,2,0,0,0,0,5,9,9,20,0
9v7fz,0,0,0,0,0,3,3,0,0,0,0,0,2,109,0
9v7fy,1,0,0,0,0,2,0,0,0,0,0,0,4,8,0
9v7fx,22,0,0,0,0,0,11,0,0,0,0,0,34,274,0
9q5gp,2,0,0,0,0,0,0,0,0,0,1,0,0,0,0
9v7fn,72,0,4,0,0,0,2,0,0,0,3,0,65,390,0
9v7fm,7,0,6,0,0,0,0,0,0,0,0,0,12,45,0
9v7fk,0,0,0,0,0,4,0,0,0,0,0,0,4,0,0
9v7fj,28,0,0,0,0,0,0,0,0,0,0,0,23,172,0
9v7fh,0,0,0,0,0,4,0,0,0,0,0,0,0,0,0
dhwgm,53,0,34,0,0,7,1,19,0,129,13,0,58,4,0
dhx58,117,8,127,42,1,4,43,16,1,140,16,12,183,29,0
dhx52,45,0,50,2,0,0,9,4,0,60,3,0,75,9,0
dhx50,83,0,42,0,0,0,5,0,0,102,13,0,96,5,0
9q5gj,5,0,0,0,0,0,0,0,0,0,2,0,0,0,0
djupd,15,0,0,0,0,2,0,0,0,0,2,0,6,89,0
djupe,19,2,0,0,0,0,0,0,0,0,3,2,10,171,0
dn5bq,18,8,19,0,0,2,0,417,0,1,10,8,21,7,0
9vk2v,10,0,60,0,0,6,1,66,0,0,0,0,4,8,0
9vk2u,16,0,19,0,0,4,2,30,0,0,0,0,8,44,0
9vk2t,19,0,12,0,2,5,0,29,0,1,20,0,13,24,0
9vk2s,3,0,19,0,0,0,0,25,0,0,0,0,12,30,0
dhwg6,3,0,3,0,0,2,1,2,0,0,1,0,7,3,0
9vk2g,78,0,0,0,0,1,13,0,0,0,0,0,21,99,0
9vk2f,21,0,2,0,0,4,6,0,0,0,0,0,42,26,0
9vk2e,4,0,4,0,2,0,11,0,0,0,0,0,21,61,0
9vk2d,33,0,0,0,0,2,0,0,0,0,0,5,52,84,0
9vk2c,35,0,0,0,0,0,6,0,0,0,0,0,62,30,0
9vk2b,19,0,39,0,1,7,1,32,0,0,0,0,30,11,0
dhwg7,21,0,12,0,0,3,12,4,0,17,10,2,47,11,0
9vk2m,0,0,44,0,0,5,0,57,0,0,0,0,6,20,0
9vk2k,5,0,1,0,2,0,0,1,0,0,0,0,14,24,0
9vk2j,58,0,21,0,0,2,0,0,0,0,0,0,0,82,0
9vk2h,34,0,58,5,0,0,0,0,0,0,1,0,22,66,0
9vk4e,31,0,0,0,0,0,0,0,0,0,0,0,72,97,0
9vk4d,47,0,0,0,0,0,1,0,0,0,7,0,52,176,0
9vk32,26,4,44,0,0,19,1,38,0,0,0,4,40,25,0
9vk4f,15,0,0,0,0,0,0,0,0,0,0,0,58,233,0
dnq95,23,3,14,6,0,4,1,0,0,0,2,3,36,42,0
9vk27,9,0,0,0,0,0,0,0,0,0,1,0,14,206,0
9vk26,6,0,9,0,0,1,0,9,0,0,0,0,5,42,0
9vk25,113,0,15,2,0,3,5,10,0,0,0,0,63,53,0
9vk24,37,0,2,0,0,4,0,0,0,0,0,0,19,87,0
9vk23,23,0,13,0,8,13,0,2,0,0,0,0,43,14,0
9vk4c,17,0,4,0,0,0,7,4,0,0,0,0,27,140,0
9vk21,6,0,10,0,0,0,0,0,0,0,0,0,8,122,0
9vk20,17,0,12,0,0,0,8,0,0,0,6,0,13,176,0
9vk37,24,0,26,0,0,6,0,34,0,0,0,0,22,0,0
9vk29,10,0,29,0,3,1,0,19,0,0,1,0,36,33,0
9vk28,35,0,0,0,3,5,0,0,0,0,0,0,29,22,0
9vk38,18,0,25,0,4,0,0,21,0,0,0,0,15,0,0
9mupc,43,0,26,0,0,0,30,154,0,8,3,0,29,117,0
9q5b9,81,0,42,1,0,0,6,0,0,3,22,0,16,14,0
9q5b4,28,0,0,0,0,0,0,0,0,1,5,0,42,100,0
9q5b5,23,5,12,0,0,0,4,0,0,13,64,5,27,138,0
9q5b6,84,0,11,0,0,1,7,0,1,45,26,0,72,64,0
9q5b7,56,0,24,0,0,0,0,23,0,24,14,0,45,103,0
9q5b1,2,3,4,0,0,0,0,0,0,0,4,3,7,93,0
9vg3b,10,0,0,0,0,5,0,0,0,0,2,0,0,11,0
9vg3c,4,0,0,0,1,14,0,0,0,0,0,0,2,1,0
9vg3t,5,0,0,2,0,2,0,0,0,0,0,0,0,13,0
9vg3s,2,0,0,0,0,3,0,0,0,0,0,0,0,3,0
9qh0c,34,0,49,0,0,11,0,45,3,3,2,0,117,92,0
9v7cm,157,15,1,1,0,6,0,0,0,0,8,15,124,238,0
9v7cn,7,0,0,0,0,1,14,0,0,0,0,0,14,25,0
9v7ch,62,0,24,0,0,8,0,0,1,0,8,0,68,255,0
dnq8s,12,0,0,0,0,3,0,0,0,0,0,0,10,111,0
9v7cj,14,0,0,0,0,0,0,0,0,0,0,0,28,229,0
9v7ck,21,2,2,0,0,18,2,0,0,0,11,2,50,200,0
9v6kh,32,0,0,0,0,0,1,0,0,0,0,0,11,63,0
9vg57,21,0,15,0,0,4,0,17,0,1,3,0,113,69,0
dnnx5,13,0,0,0,0,0,0,0,0,0,0,0,0,66,0
dnnx4,2,0,0,0,0,0,0,0,0,0,0,0,0,53,0
dnnx6,10,7,22,0,0,1,2,0,0,0,0,7,18,50,0
9v7cx,219,0,9,7,0,0,0,0,0,0,14,0,22,10,0
9v7cy,97,0,3,0,0,0,0,0,0,0,2,0,47,315,0
9v7cz,82,0,2,0,0,0,0,0,0,0,0,1,82,181,0
dhwgw,61,0,27,0,0,17,11,1,6,209,14,4,80,17,0
9v7ct,68,2,1,0,0,0,3,0,0,0,12,2,74,362,0
9v7cu,10,0,0,0,3,0,0,0,0,0,0,0,3,54,0
9v7cv,23,0,0,0,0,2,0,0,0,0,0,0,37,215,0
9v7cw,147,18,1,28,0,0,2,0,0,0,57,18,76,191,0
9v7cp,58,0,17,0,0,2,2,0,0,0,1,0,106,119,0
9v7cq,132,7,8,6,0,5,0,0,0,0,10,7,36,100,0
9v7cr,109,1,1,0,0,5,1,0,0,0,3,6,54,81,0
9v7cs,20,0,0,0,3,5,0,0,0,0,0,0,28,189,0
9q5bx,103,0,29,1,0,9,0,6,0,211,170,0,73,65,0
9q5by,54,2,4,0,0,20,32,7,0,32,4,2,67,75,0
9q5bz,71,4,76,0,0,6,4,21,0,99,19,4,108,118,0
9q5bt,14,0,49,0,0,9,1,53,0,35,2,0,75,55,0
9q5bu,57,2,16,0,0,9,3,13,0,33,2,2,91,113,0
9q5bv,82,8,49,0,0,0,21,63,0,7,1,8,94,49,0
9q5bw,37,0,25,0,0,22,32,32,0,151,3,0,69,39,0
9q5bp,229,0,143,0,4,4,29,2,4,289,24,2,75,21,0
9q5bq,58,2,156,1,0,30,36,98,0,233,5,2,116,35,0
9q5br,110,8,56,4,0,13,5,4,0,212,9,8,70,53,0
9q5bs,27,0,58,0,0,29,4,24,0,55,2,0,65,104,0
9q5bm,20,7,85,0,0,11,0,284,0,63,0,7,50,59,0
9q5bn,131,0,276,2,0,27,33,258,1,350,29,0,276,10,0
9q5bh,33,0,51,0,0,13,9,127,0,8,6,0,42,30,0
9vg39,4,0,0,0,0,0,0,0,0,0,0,0,0,0,0
9q5bj,13,0,65,0,0,30,28,454,0,22,7,0,13,8,0
9q5bk,76,0,30,0,0,8,9,10,0,22,0,0,104,217,0
9q5bd,91,0,37,0,0,1,3,3,0,17,27,0,81,66,0
9q5be,43,0,23,0,0,7,6,26,0,4,4,0,58,93,0
9q5bf,109,0,119,1,0,12,1,135,0,13,16,0,113,32,0
9q5bg,61,0,40,5,0,2,2,19,0,5,5,0,58,88,0
9vg30,8,0,13,0,0,5,1,13,0,0,2,0,0,4,0
9vg32,1,0,0,0,0,4,3,0,0,0,0,0,0,6,0
9q5bc,91,0,78,2,0,1,0,46,1,2,11,0,57,26,0
dnq82,178,3,345,12,0,24,14,256,1,27,4,3,168,16,0
dnq83,46,22,29,2,0,8,12,8,2,5,14,22,35,19,0
dnq80,42,4,5,5,0,0,3,0,0,0,1,4,19,68,0
dnq81,31,0,12,0,0,0,2,4,0,0,0,0,8,54,0
dnq86,16,23,38,0,0,0,5,2,0,0,0,23,58,43,0
dnq87,5,3,99,0,0,0,0,5,0,0,0,3,68,151,0
dnq84,24,13,11,0,0,4,3,2,0,0,0,13,32,87,0
dnnxb,68,0,15,16,0,0,0,0,0,0,3,0,36,88,0
dnnxm,8,0,14,0,0,0,0,5,0,0,0,0,0,50,0
dnq88,40,0,23,0,0,20,8,18,0,0,0,0,23,28,0
dnq89,29,0,44,0,2,6,3,30,0,3,0,0,21,31,0
9v6s5,0,0,0,0,0,1,0,0,0,0,0,0,3,41,0
dnnxh,3,0,0,0,0,0,0,0,0,0,0,0,1,47,0
dnnxk,6,3,5,0,10,0,0,5,0,0,0,3,0,158,0
dnnxj,3,0,0,0,0,0,0,0,0,0,0,0,0,21,0
9qh03,49,0,0,0,0,1,7,0,1,26,2,0,67,206,0
9qh02,77,12,13,1,0,11,0,0,0,120,4,12,57,61,0
9qh01,21,0,12,0,0,6,0,83,0,0,6,0,47,68,0
9qh00,86,0,62,0,1,11,3,0,0,102,17,0,90,81,0
dnnxs,8,0,10,0,0,8,3,1,0,0,23,0,18,60,0
dnnrt,30,1,18,5,0,0,10,0,0,23,0,1,18,167,0
9qh09,33,0,0,1,0,12,0,0,3,32,13,0,98,460,0
9qh08,114,0,9,0,0,15,0,0,1,107,11,0,61,229,0
djupc,43,24,1,0,0,5,2,0,0,1,23,24,30,41,0
9v6s4,3,0,0,0,0,2,0,0,0,0,0,0,2,12,0
9v6t0,46,9,34,0,13,7,0,14,0,6,5,10,78,90,0
9v67r,3,0,0,0,0,0,1,0,0,0,0,0,0,30,0
9v6s6,4,3,10,0,0,0,0,3,0,0,0,3,2,40,0
9v67t,43,0,7,0,0,0,1,1,1,3,0,0,44,226,0
djup9,27,0,2,0,0,5,0,2,0,0,3,0,3,83,0
9v67v,56,0,9,0,0,5,3,0,0,12,0,0,83,174,0
9vffz,26,0,2,0,0,22,1,0,0,1,0,0,30,9,0
9vffx,21,0,28,2,0,7,0,68,0,3,4,0,40,12,0
9v6s1,37,0,0,0,0,2,1,0,0,24,0,0,7,28,0
9vffr,18,0,71,0,0,14,0,193,0,0,1,0,65,49,0
dnq3n,2,0,4,0,0,0,0,0,0,0,0,0,0,9,0
9vffp,15,0,23,8,0,9,2,73,0,0,11,0,78,31,0
dnq3k,4,0,0,0,0,0,0,0,0,0,0,0,1,1,0
dnq3j,2,0,3,0,0,0,0,3,0,0,0,0,0,27,0
dnq3h,1,0,1,0,0,0,0,2,0,0,0,0,0,27,0
dnq3w,4,1,3,0,0,0,0,7,0,0,0,1,0,1,0
9mupb,78,13,45,1,0,1,35,34,1,30,46,13,29,12,0
dnq3r,7,0,62,0,0,0,0,0,0,0,0,0,28,48,0
dnq3q,1,0,8,8,0,0,9,0,0,0,2,0,0,14,0
dnq3p,4,0,0,0,0,2,0,0,0,0,0,0,6,41,0
djgzm,17,0,20,0,0,17,0,20,0,1,5,0,30,9,0
dnq3x,14,0,64,0,0,2,1,0,0,0,0,0,55,89,0
